PRAGMA foreign_keys=OFF;
BEGIN TRANSACTION;
CREATE TABLE IF NOT EXISTS "blabs" ("blabid" integer NOT NULL PRIMARY KEY, "blabber" text NOT NULL, "timestamp" datetime NULL, "content" text NULL);
INSERT INTO blabs VALUES(1,'april','2024-06-27 17:41:13',replace('I am a nobody, nobody is perfect, therefore I am perfect.\n','\n',char(10)));
INSERT INTO blabs VALUES(2,'caitlin','2024-06-27 17:41:13',replace('Just changed my Facebook name to ''No one'' so when I see stupid posts I can click like and it will say ''No one likes this''.\n','\n',char(10)));
INSERT INTO blabs VALUES(3,'gregory','2024-06-27 17:41:13',replace('How do you make holy water? You boil the hell out of it.\n','\n',char(10)));
INSERT INTO blabs VALUES(4,'cody','2024-06-27 17:41:13',replace('What do you call a bear with no teeth? -- A gummy bear!\n','\n',char(10)));
INSERT INTO blabs VALUES(5,'christyson','2024-06-27 17:41:13',replace('I once farted in an elevator, it was wrong on so many levels.\n','\n',char(10)));
INSERT INTO blabs VALUES(6,'gregory','2024-06-27 17:41:13',replace('If con is the opposite of pro, it must mean Congress is the opposite of progress?\n','\n',char(10)));
INSERT INTO blabs VALUES(7,'grant','2024-06-27 17:41:13',replace('I wondered why the frisbee was getting bigger, and then it hit me.\n','\n',char(10)));
INSERT INTO blabs VALUES(8,'laurie','2024-06-27 17:41:13',replace('What do you call a fat psychic? A four chin teller.\n','\n',char(10)));
INSERT INTO blabs VALUES(9,'glenn','2024-06-27 17:41:13',replace('I used to like my neighbors, until they put a password on their Wi-Fi.\n','\n',char(10)));
INSERT INTO blabs VALUES(10,'joash','2024-06-27 17:41:13',replace('Never argue with a fool, they will lower you to their level, and then beat you with experience.\n','\n',char(10)));
INSERT INTO blabs VALUES(11,'laurie','2024-06-27 17:41:13',replace('Light travels faster than sound. This is why some people appear bright until they speak.\n','\n',char(10)));
INSERT INTO blabs VALUES(12,'cody','2024-06-27 17:41:13',replace('Doctor: You''re overweight. Patient: I think I want a second opinion. Doctor: You''re also ugly.\n','\n',char(10)));
INSERT INTO blabs VALUES(13,'glenn','2024-06-27 17:41:13',replace('If practice makes perfect, and nobody''s perfect, why practice?\n','\n',char(10)));
INSERT INTO blabs VALUES(14,'kevinliu','2024-06-27 17:41:13',replace('Why did the duck go to rehab? Because he was a quack addict!\n','\n',char(10)));
INSERT INTO blabs VALUES(15,'joash','2024-06-27 17:41:13',replace('What did the fish say when he swam into the wall? -- Damn\n','\n',char(10)));
INSERT INTO blabs VALUES(16,'laurie','2024-06-27 17:41:13',replace('The early bird might get the worm, but the second mouse gets the cheese.\n','\n',char(10)));
INSERT INTO blabs VALUES(17,'clint','2024-06-27 17:41:13',replace('A plateau is the highest form of flattery.\n','\n',char(10)));
INSERT INTO blabs VALUES(18,'johnny','2024-06-27 17:41:13',replace('Some just told me to stop acting like a flamingo, so I had to put my foot down.\n','\n',char(10)));
INSERT INTO blabs VALUES(19,'john','2024-06-27 17:41:13',replace('The writer of ''The Hokey Cokey'' song has died, it was a struggle getting him in the coffin, they put his left leg in, then the trouble started.\n','\n',char(10)));
INSERT INTO blabs VALUES(20,'armando','2024-06-27 17:41:13',replace('My friend has opened up an ice rink charging just 10p a go, what a cheap skate.\n','\n',char(10)));
INSERT INTO blabs VALUES(21,'jeremy','2024-06-27 17:41:13',replace('What do you call an alligator with GPS? A navigator.\n','\n',char(10)));
INSERT INTO blabs VALUES(22,'chrisc','2024-06-27 17:41:13',replace('What do you call an alligator in a vest? An investigator.\n','\n',char(10)));
INSERT INTO blabs VALUES(23,'jeremy','2024-06-27 17:41:13',replace('To that bloke in a wheelchair who nicked my camouflage jacket, you can hide, but you can''t run!\n','\n',char(10)));
INSERT INTO blabs VALUES(24,'john','2024-06-27 17:41:13',replace('I haven''t talked to my girlfriend for days now, I don''t like to interrupt her.\n','\n',char(10)));
INSERT INTO blabs VALUES(25,'nabil','2024-06-27 17:41:13',replace('The man that invented throat lozenges died last week, there was no coffin at the funeral.\n','\n',char(10)));
INSERT INTO blabs VALUES(26,'laurie','2024-06-27 17:41:13',replace('I''ve discovered I have a logic fetish, I can''t stop coming to conclusions.\n','\n',char(10)));
INSERT INTO blabs VALUES(27,'scottsim','2024-06-27 17:41:13',replace('Arriving at work today a clown opened the door for me, I thought, that''s a nice jester.\n','\n',char(10)));
INSERT INTO blabs VALUES(28,'chrisc','2024-06-27 17:41:13',replace('Our daughter took a degree in ballet, and got a 2:2\n','\n',char(10)));
INSERT INTO blabs VALUES(29,'andrzej','2024-06-27 17:41:13',replace('What''s the difference between a kangaroo & a kangaroot?  One is a kangaroo & the other is a Geordie stuck in a lift.\n','\n',char(10)));
INSERT INTO blabs VALUES(30,'april','2024-06-27 17:41:13',replace('A photon checks into a hotel and is asked if he needs any help with his luggage, ''no thanks, I''m travelling light.''\n','\n',char(10)));
INSERT INTO blabs VALUES(31,'clyde','2024-06-27 17:41:13',replace('Personal ads:- ''Alcoholic man seeks similar woman for a drink or two, maybe more''.\n','\n',char(10)));
INSERT INTO blabs VALUES(32,'johnny','2024-06-27 17:41:13',replace('If it''s the case that girls tend to marry men like their fathers, you can see why their mothers cry at the weddings.\n','\n',char(10)));
INSERT INTO blabs VALUES(33,'brian','2024-06-27 17:41:13',replace('What''s red and bad for your teeth? A brick.\n','\n',char(10)));
INSERT INTO blabs VALUES(34,'chrisc','2024-06-27 17:41:13',replace('I still remember what my grandpa said before he kicked the bucket, it was, “how far do you think I can kick this bucket?\n','\n',char(10)));
INSERT INTO blabs VALUES(35,'scottrum','2024-06-27 17:41:13',replace('I was trying to play FIFA on the computer, but it wouldn''t load, & just kept saying, ''Fifa is corrupt, Fifa is corrupt'' !!\n','\n',char(10)));
INSERT INTO blabs VALUES(36,'kevinliu','2024-06-27 17:41:13',replace('BREAKING: Swiss Police confirm that, when arrested, all seven FIFA officials threw themselves on the ground and pretended to be injured.\n','\n',char(10)));
INSERT INTO blabs VALUES(37,'kevin','2024-06-27 17:41:13',replace('Our neighbourhood has a tiny ghost that helps out during hard times, it''s good to have a little community spirit.\n','\n',char(10)));
INSERT INTO blabs VALUES(38,'gregory','2024-06-27 17:41:13',replace('Last night I bought an alcoholic ginger beer, he wasn''t happy about it.\n','\n',char(10)));
INSERT INTO blabs VALUES(39,'christraut','2024-06-27 17:41:13',replace('I tried to start up a chicken dating agency but failed, it was a struggle to make hens meet.\n','\n',char(10)));
INSERT INTO blabs VALUES(40,'kevinliu','2024-06-27 17:41:13',replace('I could barely lift my bottle of water earlier, it was an Evian.\n','\n',char(10)));
INSERT INTO blabs VALUES(41,'kevinliu','2024-06-27 17:41:13',replace('Someone''s having a BBQ 1760 yards away, you can smell it a mile off.\n','\n',char(10)));
INSERT INTO blabs VALUES(42,'scottrum','2024-06-27 17:41:13',replace('Just dropped my new phone in the jacuzzi, I think it''s syncing.\n','\n',char(10)));
INSERT INTO blabs VALUES(43,'laurie','2024-06-27 17:41:13',replace('I walked into a Baker''s and asked, ''Is that a doughnut or a meringue?'', ''No, you''re right, its a Doughnut.'', he said.\n','\n',char(10)));
INSERT INTO blabs VALUES(44,'gregory','2024-06-27 17:41:13',replace('On Election day, I''ll take my voting slip for a candle lit dinner, champagne and truffles, I''m gonna spoil my ballot.\n','\n',char(10)));
INSERT INTO blabs VALUES(45,'christraut','2024-06-27 17:41:13',replace('I''ve invented a new flavour of crisps,  if they''re successful I''ll make a packet.\n','\n',char(10)));
INSERT INTO blabs VALUES(46,'clint','2024-06-27 17:41:13',replace('They say mums have eyes in the back of their heads, well one woman really did, but had an op to put them where they belong, hasn''t looked back since.\n','\n',char(10)));
INSERT INTO blabs VALUES(47,'clint','2024-06-27 17:41:13',replace('I just fell through the roof of a French bakery, I''m in a world of pain.\n','\n',char(10)));
INSERT INTO blabs VALUES(48,'stuart','2024-06-27 17:41:13',replace('My cockney mate is doing really well in the over-sized trouser business, he''s making huge strides.\n','\n',char(10)));
INSERT INTO blabs VALUES(49,'armando','2024-06-27 17:41:13',replace('News:- A coach containing session musicians has overturned on the motorway, drivers may expect lengthy jams.\n','\n',char(10)));
INSERT INTO blabs VALUES(50,'laurie','2024-06-27 17:41:13',replace('I''ve just put my friend Richard on speed dial on the phone, it''s my Get-Rich-Quick scheme.\n','\n',char(10)));
INSERT INTO blabs VALUES(51,'eric','2024-06-27 17:41:13',replace('I met Phil Spector''s brother, Crispin, the other day,he''s head of quality control at Walkers.\n','\n',char(10)));
INSERT INTO blabs VALUES(52,'cody','2024-06-27 17:41:13',replace('A man has died after falling in a vat of coffee, it was instant.\n','\n',char(10)));
INSERT INTO blabs VALUES(53,'nabil','2024-06-27 17:41:13',replace('Our Grandad got his tongue shot off in the First World War, but he doesn''t talk about it.\n','\n',char(10)));
INSERT INTO blabs VALUES(54,'julian','2024-06-27 17:41:13',replace('I told my boss I come out in a rash every time I get my wages, he asked why, ''because I''m allergic to peanuts''.\n','\n',char(10)));
INSERT INTO blabs VALUES(55,'kevinliu','2024-06-27 17:41:13',replace('My Doc asked if I drank to excess, I said I''d drink to anything.\n','\n',char(10)));
INSERT INTO blabs VALUES(56,'grant','2024-06-27 17:41:13',replace('So what if I can''t spell ''armaggedon''?, it''s not like it''s the end of the world.\n','\n',char(10)));
INSERT INTO blabs VALUES(57,'jeremy','2024-06-27 17:41:13',replace('Why did the scarecrow get promotion? Because he was outstanding in his field.\n','\n',char(10)));
INSERT INTO blabs VALUES(58,'laurie','2024-06-27 17:41:13',replace('A man goes to the doctor with a carrot up his nose, and a parsnip in his ear,  the doc said, ''clearly you’re not eating properly.''\n','\n',char(10)));
INSERT INTO blabs VALUES(59,'nabil','2024-06-27 17:41:13',replace('My friend was a victim of his own success, his trophy cabinet fell on him.\n','\n',char(10)));
INSERT INTO blabs VALUES(60,'ben','2024-06-27 17:41:13',replace('Alphabet Spaghetti warning:- ''May contain N, U, T and S''.\n','\n',char(10)));
INSERT INTO blabs VALUES(61,'nabil','2024-06-27 17:41:13',replace('A suspect was charged with killing a man with sandpaper, in defence he said,  '' I only meant to rough him up a bit''.\n','\n',char(10)));
INSERT INTO blabs VALUES(62,'grant','2024-06-27 17:41:13',replace('Did you hear about the lonely pyromaniac?, he''s still looking for the perfect match.\n','\n',char(10)));
INSERT INTO blabs VALUES(63,'nabil','2024-06-27 17:41:13',replace('Why didn''t the lifeguard save the hippie?, cos he was so far out man!\n','\n',char(10)));
INSERT INTO blabs VALUES(64,'laurie','2024-06-27 17:41:13',replace('Did you hear about the mad Mexican train murderer? He had locomotives.\n','\n',char(10)));
INSERT INTO blabs VALUES(65,'scottsim','2024-06-27 17:41:13',replace('As this magician was walking down the high street, he turned into a chemist shop.\n','\n',char(10)));
INSERT INTO blabs VALUES(66,'kevinliu','2024-06-27 17:41:13',replace('My mate went to a hardcore Star Trek fan convention dressed as Chewbacca, it was a wookie mistake \n','\n',char(10)));
INSERT INTO blabs VALUES(67,'chrisc','2024-06-27 17:41:13',replace('My mate''s a safety officer in a kids playground, his careers on the slide. \n','\n',char(10)));
INSERT INTO blabs VALUES(68,'stuart','2024-06-27 17:41:13',replace('A man was arrested for stealing helium balloons, police held him for a while then let him go.\n','\n',char(10)));
INSERT INTO blabs VALUES(69,'clint','2024-06-27 17:41:13',replace('A man was in court for stealing a bag, took just 3 minutes to get sentenced, it was a briefcase \n','\n',char(10)));
INSERT INTO blabs VALUES(70,'grant','2024-06-27 17:41:13',replace('The tiles, A,E,I,O,and U were discovered in a dead scrabble players stomach, vowel play is supected.\n','\n',char(10)));
INSERT INTO blabs VALUES(71,'ben','2024-06-27 17:41:13','I was in a restaurant when I got hit in the head with a prawn cocktail, as I looked round, the waiter shouted, ''that''s for starters!!''');
INSERT INTO blabs VALUES(72,'clyde','2024-07-29 14:14:05','E is my favorite letter, said no one ever.');
CREATE TABLE IF NOT EXISTS "comments" ("commentid" integer NOT NULL PRIMARY KEY, "blabid" integer NOT NULL, "blabber" text NOT NULL, "content" text NULL, "timestamp" datetime NULL);
INSERT INTO comments VALUES(1,0,'scottrum',replace('Feel kind of indifferent about that one.\n','\n',char(10)),'2024-06-27 17:41:13');
INSERT INTO comments VALUES(2,1,'paul',replace('I give that 4/10.\n','\n',char(10)),'2024-06-27 17:41:13');
INSERT INTO comments VALUES(3,1,'andrzej',replace('I give that 2/10.\n','\n',char(10)),'2024-06-27 17:41:13');
INSERT INTO comments VALUES(4,1,'christraut',replace('I give that 6/10.\n','\n',char(10)),'2024-06-27 17:41:13');
INSERT INTO comments VALUES(5,1,'april',replace('I give that 10/10.\n','\n',char(10)),'2024-06-27 17:41:13');
INSERT INTO comments VALUES(6,1,'grant',replace('I give that 4/10.\n','\n',char(10)),'2024-06-27 17:41:13');
INSERT INTO comments VALUES(7,3,'glenn',replace('So funny I fell off my chair.\n','\n',char(10)),'2024-06-27 17:41:13');
INSERT INTO comments VALUES(8,3,'gregory',replace('Hate it.\n','\n',char(10)),'2024-06-27 17:41:13');
INSERT INTO comments VALUES(9,3,'april',replace('Its funny because its true!\n','\n',char(10)),'2024-06-27 17:41:13');
INSERT INTO comments VALUES(10,4,'christyson',replace('Oh man, you suck.\n','\n',char(10)),'2024-06-27 17:41:13');
INSERT INTO comments VALUES(11,4,'scottrum',replace('I give that 7/10.\n','\n',char(10)),'2024-06-27 17:41:13');
INSERT INTO comments VALUES(12,4,'scottsim',replace('Feel kind of indifferent about that one.\n','\n',char(10)),'2024-06-27 17:41:13');
INSERT INTO comments VALUES(13,4,'eric',replace('I give that 8/10.\n','\n',char(10)),'2024-06-27 17:41:13');
INSERT INTO comments VALUES(14,4,'johnny',replace('You make me laugh - a lot.\n','\n',char(10)),'2024-06-27 17:41:13');
INSERT INTO comments VALUES(15,6,'april',replace('Feel kind of indifferent about that one.\n','\n',char(10)),'2024-06-27 17:41:13');
INSERT INTO comments VALUES(16,6,'paul',replace('I give that 3/10.\n','\n',char(10)),'2024-06-27 17:41:13');
INSERT INTO comments VALUES(17,6,'jacob',replace('I give that 4/10.\n','\n',char(10)),'2024-06-27 17:41:13');
INSERT INTO comments VALUES(18,7,'jeremy',replace('I want to laugh, I really do. But thats just not funny.\n','\n',char(10)),'2024-06-27 17:41:13');
INSERT INTO comments VALUES(19,7,'caitlin',replace('I give that 3/10.\n','\n',char(10)),'2024-06-27 17:41:13');
INSERT INTO comments VALUES(20,7,'joash',replace('Awful. Just awful.\n','\n',char(10)),'2024-06-27 17:41:13');
INSERT INTO comments VALUES(21,7,'clyde',replace('Don''t give up the day job.\n','\n',char(10)),'2024-06-27 17:41:13');
INSERT INTO comments VALUES(22,8,'joash',replace('I give that 6/10.\n','\n',char(10)),'2024-06-27 17:41:13');
INSERT INTO comments VALUES(23,8,'derek',replace('I give that 2/10.\n','\n',char(10)),'2024-06-27 17:41:13');
INSERT INTO comments VALUES(24,8,'jeremy',replace('I give that 3/10.\n','\n',char(10)),'2024-06-27 17:41:13');
INSERT INTO comments VALUES(25,8,'scottsim',replace('Hate it.\n','\n',char(10)),'2024-06-27 17:41:13');
INSERT INTO comments VALUES(26,8,'jeremy',replace('I give that 3/10.\n','\n',char(10)),'2024-06-27 17:41:13');
INSERT INTO comments VALUES(27,9,'kevin','I wonder whether fish would find that funny.','2024-06-27 17:41:13');
INSERT INTO comments VALUES(28,9,'joash',replace('Oh man, you suck.\n','\n',char(10)),'2024-06-27 17:41:13');
INSERT INTO comments VALUES(29,9,'derek',replace('I want to laugh, I really do. But thats just not funny.\n','\n',char(10)),'2024-06-27 17:41:13');
INSERT INTO comments VALUES(30,9,'grant',replace('I give that 2/10.\n','\n',char(10)),'2024-06-27 17:41:13');
INSERT INTO comments VALUES(31,10,'derek',replace('I give that 5/10.\n','\n',char(10)),'2024-06-27 17:41:13');
INSERT INTO comments VALUES(32,10,'christyson',replace('So funny I fell off my chair.\n','\n',char(10)),'2024-06-27 17:41:13');
INSERT INTO comments VALUES(33,10,'laurie',replace('I give that 3/10.\n','\n',char(10)),'2024-06-27 17:41:13');
INSERT INTO comments VALUES(34,10,'brian',replace('Its funny because its true!\n','\n',char(10)),'2024-06-27 17:41:13');
INSERT INTO comments VALUES(35,11,'jacob',replace('Hate it.\n','\n',char(10)),'2024-06-27 17:41:13');
INSERT INTO comments VALUES(36,11,'scottsim',replace('I give that 10/10.\n','\n',char(10)),'2024-06-27 17:41:13');
INSERT INTO comments VALUES(37,11,'stuart',replace('So funny I fell off my chair.\n','\n',char(10)),'2024-06-27 17:41:13');
INSERT INTO comments VALUES(38,12,'laurie',replace('Awful. Just awful.\n','\n',char(10)),'2024-06-27 17:41:13');
INSERT INTO comments VALUES(39,12,'stuart',replace('I give that 9/10.\n','\n',char(10)),'2024-06-27 17:41:13');
INSERT INTO comments VALUES(40,13,'kevin',replace('You make me laugh - a lot.\n','\n',char(10)),'2024-06-27 17:41:13');
INSERT INTO comments VALUES(41,13,'johnny',replace('So funny I fell off my chair.\n','\n',char(10)),'2024-06-27 17:41:13');
INSERT INTO comments VALUES(42,13,'christyson',replace('Awful. Just awful.\n','\n',char(10)),'2024-06-27 17:41:13');
INSERT INTO comments VALUES(43,13,'paul',replace('Feel kind of indifferent about that one.\n','\n',char(10)),'2024-06-27 17:41:13');
INSERT INTO comments VALUES(44,14,'joash',replace('I give that 7/10.\n','\n',char(10)),'2024-06-27 17:41:13');
INSERT INTO comments VALUES(45,14,'kevin',replace('You make me laugh - a lot.\n','\n',char(10)),'2024-06-27 17:41:13');
INSERT INTO comments VALUES(46,15,'glenn',replace('Its funny because its true!\n','\n',char(10)),'2024-06-27 17:41:13');
INSERT INTO comments VALUES(47,15,'stuart',replace('Love it.\n','\n',char(10)),'2024-06-27 17:41:13');
INSERT INTO comments VALUES(48,16,'nabil',replace('I give that 1/10.\n','\n',char(10)),'2024-06-27 17:41:13');
INSERT INTO comments VALUES(49,16,'clyde',replace('Don''t give up the day job.\n','\n',char(10)),'2024-06-27 17:41:13');
INSERT INTO comments VALUES(50,16,'christyson',replace('Don''t give up the day job.\n','\n',char(10)),'2024-06-27 17:41:13');
INSERT INTO comments VALUES(51,16,'johnny',replace('Don''t give up the day job.\n','\n',char(10)),'2024-06-27 17:41:13');
INSERT INTO comments VALUES(52,17,'jacob',replace('I give that 7/10.\n','\n',char(10)),'2024-06-27 17:41:13');
INSERT INTO comments VALUES(53,17,'derek',replace('I give that 4/10.\n','\n',char(10)),'2024-06-27 17:41:13');
INSERT INTO comments VALUES(54,17,'laurie',replace('Hate it.\n','\n',char(10)),'2024-06-27 17:41:13');
INSERT INTO comments VALUES(55,17,'kevin',replace('I want to laugh, I really do. But thats just not funny.\n','\n',char(10)),'2024-06-27 17:41:13');
INSERT INTO comments VALUES(56,17,'armando',replace('Oh man, you suck.\n','\n',char(10)),'2024-06-27 17:41:13');
INSERT INTO comments VALUES(57,18,'armando','I wonder whether fish would find that funny.','2024-06-27 17:41:13');
INSERT INTO comments VALUES(58,19,'paul',replace('I give that 9/10.\n','\n',char(10)),'2024-06-27 17:41:13');
INSERT INTO comments VALUES(59,19,'chrisc',replace('I give that 7/10.\n','\n',char(10)),'2024-06-27 17:41:13');
INSERT INTO comments VALUES(60,19,'scottrum',replace('Don''t give up the day job.\n','\n',char(10)),'2024-06-27 17:41:13');
INSERT INTO comments VALUES(61,19,'glenn',replace('So funny I fell off my chair.\n','\n',char(10)),'2024-06-27 17:41:13');
INSERT INTO comments VALUES(62,19,'clint',replace('I give that 2/10.\n','\n',char(10)),'2024-06-27 17:41:13');
INSERT INTO comments VALUES(63,20,'jacob',replace('I give that 2/10.\n','\n',char(10)),'2024-06-27 17:41:13');
INSERT INTO comments VALUES(64,20,'scottrum',replace('I give that 9/10.\n','\n',char(10)),'2024-06-27 17:41:13');
INSERT INTO comments VALUES(65,21,'christyson',replace('Love it.\n','\n',char(10)),'2024-06-27 17:41:13');
INSERT INTO comments VALUES(66,21,'laurie',replace('Hate it.\n','\n',char(10)),'2024-06-27 17:41:13');
INSERT INTO comments VALUES(67,21,'andrzej',replace('I give that 3/10.\n','\n',char(10)),'2024-06-27 17:41:13');
INSERT INTO comments VALUES(68,21,'ben',replace('Oh man, you suck.\n','\n',char(10)),'2024-06-27 17:41:13');
INSERT INTO comments VALUES(69,22,'julian',replace('I give that 8/10.\n','\n',char(10)),'2024-06-27 17:41:13');
INSERT INTO comments VALUES(70,22,'joash',replace('So funny I fell off my chair.\n','\n',char(10)),'2024-06-27 17:41:13');
INSERT INTO comments VALUES(71,22,'grant',replace('I give that 4/10.\n','\n',char(10)),'2024-06-27 17:41:13');
INSERT INTO comments VALUES(72,22,'clyde',replace('Oh man, you suck.\n','\n',char(10)),'2024-06-27 17:41:13');
INSERT INTO comments VALUES(73,22,'julian',replace('I give that 1/10.\n','\n',char(10)),'2024-06-27 17:41:13');
INSERT INTO comments VALUES(74,23,'caitlin',replace('I want to laugh, I really do. But thats just not funny.\n','\n',char(10)),'2024-06-27 17:41:13');
INSERT INTO comments VALUES(75,23,'chrisc',replace('So funny I fell off my chair.\n','\n',char(10)),'2024-06-27 17:41:13');
INSERT INTO comments VALUES(76,23,'ben',replace('Love it.\n','\n',char(10)),'2024-06-27 17:41:13');
INSERT INTO comments VALUES(77,24,'christraut',replace('Don''t give up the day job.\n','\n',char(10)),'2024-06-27 17:41:13');
INSERT INTO comments VALUES(78,24,'johnny',replace('I give that 5/10.\n','\n',char(10)),'2024-06-27 17:41:13');
INSERT INTO comments VALUES(79,25,'kevin',replace('I give that 7/10.\n','\n',char(10)),'2024-06-27 17:41:13');
INSERT INTO comments VALUES(80,25,'derek',replace('I give that 6/10.\n','\n',char(10)),'2024-06-27 17:41:13');
INSERT INTO comments VALUES(81,25,'jacob',replace('So funny I fell off my chair.\n','\n',char(10)),'2024-06-27 17:41:13');
INSERT INTO comments VALUES(82,26,'gregory',replace('Its funny because its true!\n','\n',char(10)),'2024-06-27 17:41:13');
INSERT INTO comments VALUES(83,26,'christraut',replace('I give that 1/10.\n','\n',char(10)),'2024-06-27 17:41:13');
INSERT INTO comments VALUES(84,27,'cody',replace('I give that 6/10.\n','\n',char(10)),'2024-06-27 17:41:13');
INSERT INTO comments VALUES(85,27,'grant',replace('I give that 6/10.\n','\n',char(10)),'2024-06-27 17:41:13');
INSERT INTO comments VALUES(86,27,'ben',replace('I give that 6/10.\n','\n',char(10)),'2024-06-27 17:41:13');
INSERT INTO comments VALUES(87,27,'stuart',replace('You make me laugh - a lot.\n','\n',char(10)),'2024-06-27 17:41:13');
INSERT INTO comments VALUES(88,28,'april',replace('Its funny because its true!\n','\n',char(10)),'2024-06-27 17:41:13');
INSERT INTO comments VALUES(89,28,'ben',replace('So funny I fell off my chair.\n','\n',char(10)),'2024-06-27 17:41:13');
INSERT INTO comments VALUES(90,28,'laurie',replace('I give that 1/10.\n','\n',char(10)),'2024-06-27 17:41:13');
INSERT INTO comments VALUES(91,29,'jacob',replace('I give that 3/10.\n','\n',char(10)),'2024-06-27 17:41:13');
INSERT INTO comments VALUES(92,29,'glenn',replace('I give that 6/10.\n','\n',char(10)),'2024-06-27 17:41:13');
INSERT INTO comments VALUES(93,29,'kevin',replace('I give that 7/10.\n','\n',char(10)),'2024-06-27 17:41:13');
INSERT INTO comments VALUES(94,29,'caitlin',replace('I give that 9/10.\n','\n',char(10)),'2024-06-27 17:41:13');
INSERT INTO comments VALUES(95,31,'joash',replace('You make me laugh - a lot.\n','\n',char(10)),'2024-06-27 17:41:13');
INSERT INTO comments VALUES(96,31,'john',replace('I give that 4/10.\n','\n',char(10)),'2024-06-27 17:41:13');
INSERT INTO comments VALUES(97,31,'christyson',replace('I give that 8/10.\n','\n',char(10)),'2024-06-27 17:41:13');
INSERT INTO comments VALUES(98,31,'april',replace('Love it.\n','\n',char(10)),'2024-06-27 17:41:13');
INSERT INTO comments VALUES(99,31,'scottrum',replace('I give that 2/10.\n','\n',char(10)),'2024-06-27 17:41:13');
INSERT INTO comments VALUES(100,32,'jeremy',replace('So funny I fell off my chair.\n','\n',char(10)),'2024-06-27 17:41:13');
INSERT INTO comments VALUES(101,32,'john',replace('Awful. Just awful.\n','\n',char(10)),'2024-06-27 17:41:13');
INSERT INTO comments VALUES(102,33,'clint',replace('I give that 7/10.\n','\n',char(10)),'2024-06-27 17:41:13');
INSERT INTO comments VALUES(103,33,'eric',replace('I give that 4/10.\n','\n',char(10)),'2024-06-27 17:41:13');
INSERT INTO comments VALUES(104,33,'brian',replace('I give that 10/10.\n','\n',char(10)),'2024-06-27 17:41:13');
INSERT INTO comments VALUES(105,34,'paul',replace('Don''t give up the day job.\n','\n',char(10)),'2024-06-27 17:41:13');
INSERT INTO comments VALUES(106,34,'stuart',replace('I want to laugh, I really do. But thats just not funny.\n','\n',char(10)),'2024-06-27 17:41:13');
INSERT INTO comments VALUES(107,36,'john',replace('So funny I fell off my chair.\n','\n',char(10)),'2024-06-27 17:41:13');
INSERT INTO comments VALUES(108,37,'brian',replace('I give that 6/10.\n','\n',char(10)),'2024-06-27 17:41:13');
INSERT INTO comments VALUES(109,37,'julian',replace('Hate it.\n','\n',char(10)),'2024-06-27 17:41:13');
INSERT INTO comments VALUES(110,37,'stuart',replace('I give that 4/10.\n','\n',char(10)),'2024-06-27 17:41:13');
INSERT INTO comments VALUES(111,37,'joash',replace('Feel kind of indifferent about that one.\n','\n',char(10)),'2024-06-27 17:41:13');
INSERT INTO comments VALUES(112,38,'andrzej',replace('I give that 2/10.\n','\n',char(10)),'2024-06-27 17:41:13');
INSERT INTO comments VALUES(113,38,'kevinliu',replace('I give that 9/10.\n','\n',char(10)),'2024-06-27 17:41:13');
INSERT INTO comments VALUES(114,39,'andrzej',replace('I give that 6/10.\n','\n',char(10)),'2024-06-27 17:41:13');
INSERT INTO comments VALUES(115,41,'clint','I wonder whether fish would find that funny.','2024-06-27 17:41:13');
INSERT INTO comments VALUES(116,42,'andrzej',replace('Its funny because its true!\n','\n',char(10)),'2024-06-27 17:41:13');
INSERT INTO comments VALUES(117,42,'nabil',replace('I give that 7/10.\n','\n',char(10)),'2024-06-27 17:41:13');
INSERT INTO comments VALUES(118,43,'caitlin',replace('I want to laugh, I really do. But thats just not funny.\n','\n',char(10)),'2024-06-27 17:41:13');
INSERT INTO comments VALUES(119,43,'cody',replace('I give that 3/10.\n','\n',char(10)),'2024-06-27 17:41:13');
INSERT INTO comments VALUES(120,43,'brian',replace('I give that 2/10.\n','\n',char(10)),'2024-06-27 17:41:13');
INSERT INTO comments VALUES(121,44,'april',replace('Hate it.\n','\n',char(10)),'2024-06-27 17:41:13');
INSERT INTO comments VALUES(122,44,'cody',replace('I give that 5/10.\n','\n',char(10)),'2024-06-27 17:41:13');
INSERT INTO comments VALUES(123,44,'joash',replace('Don''t give up the day job.\n','\n',char(10)),'2024-06-27 17:41:13');
INSERT INTO comments VALUES(124,44,'scottsim',replace('Hate it.\n','\n',char(10)),'2024-06-27 17:41:13');
INSERT INTO comments VALUES(125,44,'april',replace('Its funny because its true!\n','\n',char(10)),'2024-06-27 17:41:13');
INSERT INTO comments VALUES(126,45,'derek',replace('I give that 2/10.\n','\n',char(10)),'2024-06-27 17:41:13');
INSERT INTO comments VALUES(127,45,'glenn',replace('Oh man, you suck.\n','\n',char(10)),'2024-06-27 17:41:13');
INSERT INTO comments VALUES(128,45,'julian',replace('Don''t give up the day job.\n','\n',char(10)),'2024-06-27 17:41:13');
INSERT INTO comments VALUES(129,45,'jacob',replace('You make me laugh - a lot.\n','\n',char(10)),'2024-06-27 17:41:13');
INSERT INTO comments VALUES(130,48,'julian',replace('Don''t give up the day job.\n','\n',char(10)),'2024-06-27 17:41:13');
INSERT INTO comments VALUES(131,48,'armando',replace('Feel kind of indifferent about that one.\n','\n',char(10)),'2024-06-27 17:41:13');
INSERT INTO comments VALUES(132,48,'clint',replace('You make me laugh - a lot.\n','\n',char(10)),'2024-06-27 17:41:13');
INSERT INTO comments VALUES(133,48,'jacob',replace('I give that 2/10.\n','\n',char(10)),'2024-06-27 17:41:13');
INSERT INTO comments VALUES(134,50,'john',replace('You make me laugh - a lot.\n','\n',char(10)),'2024-06-27 17:41:13');
INSERT INTO comments VALUES(135,50,'johnny',replace('I give that 5/10.\n','\n',char(10)),'2024-06-27 17:41:13');
INSERT INTO comments VALUES(136,50,'jacob',replace('I give that 5/10.\n','\n',char(10)),'2024-06-27 17:41:13');
INSERT INTO comments VALUES(137,51,'andrzej',replace('I give that 7/10.\n','\n',char(10)),'2024-06-27 17:41:13');
INSERT INTO comments VALUES(138,51,'scottrum',replace('Its funny because its true!\n','\n',char(10)),'2024-06-27 17:41:13');
INSERT INTO comments VALUES(139,51,'clint',replace('I give that 5/10.\n','\n',char(10)),'2024-06-27 17:41:13');
INSERT INTO comments VALUES(140,52,'scottsim','I wonder whether fish would find that funny.','2024-06-27 17:41:13');
INSERT INTO comments VALUES(141,52,'jacob',replace('I give that 6/10.\n','\n',char(10)),'2024-06-27 17:41:13');
INSERT INTO comments VALUES(142,52,'andrzej',replace('I give that 3/10.\n','\n',char(10)),'2024-06-27 17:41:13');
INSERT INTO comments VALUES(143,52,'cody',replace('Love it.\n','\n',char(10)),'2024-06-27 17:41:13');
INSERT INTO comments VALUES(144,52,'kevinliu',replace('You make me laugh - a lot.\n','\n',char(10)),'2024-06-27 17:41:13');
INSERT INTO comments VALUES(145,53,'scottsim',replace('Feel kind of indifferent about that one.\n','\n',char(10)),'2024-06-27 17:41:13');
INSERT INTO comments VALUES(146,54,'nabil',replace('I give that 5/10.\n','\n',char(10)),'2024-06-27 17:41:13');
INSERT INTO comments VALUES(147,54,'stuart',replace('I give that 7/10.\n','\n',char(10)),'2024-06-27 17:41:13');
INSERT INTO comments VALUES(148,54,'julian',replace('I give that 9/10.\n','\n',char(10)),'2024-06-27 17:41:13');
INSERT INTO comments VALUES(149,55,'jacob',replace('Don''t give up the day job.\n','\n',char(10)),'2024-06-27 17:41:13');
INSERT INTO comments VALUES(150,55,'grant',replace('I give that 7/10.\n','\n',char(10)),'2024-06-27 17:41:13');
INSERT INTO comments VALUES(151,56,'stuart',replace('Oh man, you suck.\n','\n',char(10)),'2024-06-27 17:41:13');
INSERT INTO comments VALUES(152,56,'julian',replace('I give that 1/10.\n','\n',char(10)),'2024-06-27 17:41:13');
INSERT INTO comments VALUES(153,56,'brian',replace('Awful. Just awful.\n','\n',char(10)),'2024-06-27 17:41:13');
INSERT INTO comments VALUES(154,57,'paul',replace('I give that 1/10.\n','\n',char(10)),'2024-06-27 17:41:13');
INSERT INTO comments VALUES(155,58,'nabil',replace('Hate it.\n','\n',char(10)),'2024-06-27 17:41:13');
INSERT INTO comments VALUES(156,58,'chrisc',replace('I give that 7/10.\n','\n',char(10)),'2024-06-27 17:41:13');
INSERT INTO comments VALUES(157,58,'chrisc',replace('I give that 1/10.\n','\n',char(10)),'2024-06-27 17:41:13');
INSERT INTO comments VALUES(158,61,'stuart',replace('I give that 9/10.\n','\n',char(10)),'2024-06-27 17:41:13');
INSERT INTO comments VALUES(159,61,'jeremy',replace('You make me laugh - a lot.\n','\n',char(10)),'2024-06-27 17:41:13');
INSERT INTO comments VALUES(160,61,'julian',replace('You make me laugh - a lot.\n','\n',char(10)),'2024-06-27 17:41:13');
INSERT INTO comments VALUES(161,62,'derek',replace('Hate it.\n','\n',char(10)),'2024-06-27 17:41:13');
INSERT INTO comments VALUES(162,62,'jeremy',replace('I give that 6/10.\n','\n',char(10)),'2024-06-27 17:41:13');
INSERT INTO comments VALUES(163,62,'jacob',replace('Don''t give up the day job.\n','\n',char(10)),'2024-06-27 17:41:13');
INSERT INTO comments VALUES(164,64,'cody',replace('Oh man, you suck.\n','\n',char(10)),'2024-06-27 17:41:13');
INSERT INTO comments VALUES(165,64,'glenn',replace('I give that 9/10.\n','\n',char(10)),'2024-06-27 17:41:13');
INSERT INTO comments VALUES(166,64,'brian',replace('Oh man, you suck.\n','\n',char(10)),'2024-06-27 17:41:13');
INSERT INTO comments VALUES(167,64,'christyson',replace('Love it.\n','\n',char(10)),'2024-06-27 17:41:13');
INSERT INTO comments VALUES(168,64,'jeremy',replace('I give that 10/10.\n','\n',char(10)),'2024-06-27 17:41:13');
INSERT INTO comments VALUES(169,65,'april',replace('Don''t give up the day job.\n','\n',char(10)),'2024-06-27 17:41:13');
INSERT INTO comments VALUES(170,65,'derek',replace('Oh man, you suck.\n','\n',char(10)),'2024-06-27 17:41:13');
INSERT INTO comments VALUES(171,65,'kevinliu',replace('Hate it.\n','\n',char(10)),'2024-06-27 17:41:13');
INSERT INTO comments VALUES(172,65,'eric',replace('I give that 2/10.\n','\n',char(10)),'2024-06-27 17:41:13');
INSERT INTO comments VALUES(173,66,'clyde',replace('Love it.\n','\n',char(10)),'2024-06-27 17:41:13');
INSERT INTO comments VALUES(174,66,'stuart',replace('I give that 6/10.\n','\n',char(10)),'2024-06-27 17:41:13');
INSERT INTO comments VALUES(175,67,'christraut',replace('Its funny because its true!\n','\n',char(10)),'2024-06-27 17:41:13');
INSERT INTO comments VALUES(176,67,'kevinliu',replace('You make me laugh - a lot.\n','\n',char(10)),'2024-06-27 17:41:13');
INSERT INTO comments VALUES(177,67,'april',replace('Love it.\n','\n',char(10)),'2024-06-27 17:41:13');
INSERT INTO comments VALUES(178,68,'nabil',replace('I give that 8/10.\n','\n',char(10)),'2024-06-27 17:41:13');
INSERT INTO comments VALUES(179,68,'scottsim',replace('I give that 9/10.\n','\n',char(10)),'2024-06-27 17:41:13');
INSERT INTO comments VALUES(180,68,'derek',replace('Love it.\n','\n',char(10)),'2024-06-27 17:41:13');
INSERT INTO comments VALUES(181,69,'ben',replace('Oh man, you suck.\n','\n',char(10)),'2024-06-27 17:41:13');
INSERT INTO comments VALUES(182,69,'christyson','I wonder whether fish would find that funny.','2024-06-27 17:41:13');
INSERT INTO comments VALUES(183,70,'armando',replace('Hate it.\n','\n',char(10)),'2024-06-27 17:41:13');
INSERT INTO comments VALUES(184,70,'cody',replace('Hate it.\n','\n',char(10)),'2024-06-27 17:41:13');
CREATE TABLE IF NOT EXISTS "listeners" ("id" integer NOT NULL PRIMARY KEY AUTOINCREMENT, "blabber" text NOT NULL, "listener" text NOT NULL, "status" text NULL);
INSERT INTO listeners VALUES(1,'john','chrisc','Active');
INSERT INTO listeners VALUES(2,'john','laurie','Active');
INSERT INTO listeners VALUES(3,'john','nabil','Active');
INSERT INTO listeners VALUES(4,'john','julian','Active');
INSERT INTO listeners VALUES(5,'john','joash','Active');
INSERT INTO listeners VALUES(6,'john','april','Active');
INSERT INTO listeners VALUES(7,'john','ben','Active');
INSERT INTO listeners VALUES(8,'john','brian','Active');
INSERT INTO listeners VALUES(9,'john','caitlin','Active');
INSERT INTO listeners VALUES(10,'john','cody','Active');
INSERT INTO listeners VALUES(11,'john','eric','Active');
INSERT INTO listeners VALUES(12,'john','glenn','Active');
INSERT INTO listeners VALUES(13,'john','grant','Active');
INSERT INTO listeners VALUES(14,'john','jeremy','Active');
INSERT INTO listeners VALUES(15,'john','johnny','Active');
INSERT INTO listeners VALUES(16,'john','kevin','Active');
INSERT INTO listeners VALUES(17,'john','kevinliu','Active');
INSERT INTO listeners VALUES(18,'john','scottsim','Active');
INSERT INTO listeners VALUES(19,'paul','nabil','Active');
INSERT INTO listeners VALUES(20,'paul','andrzej','Active');
INSERT INTO listeners VALUES(21,'paul','ben','Active');
INSERT INTO listeners VALUES(22,'paul','brian','Active');
INSERT INTO listeners VALUES(23,'paul','christraut','Active');
INSERT INTO listeners VALUES(24,'paul','christyson','Active');
INSERT INTO listeners VALUES(25,'paul','clint','Active');
INSERT INTO listeners VALUES(26,'paul','glenn','Active');
INSERT INTO listeners VALUES(27,'paul','grant','Active');
INSERT INTO listeners VALUES(28,'paul','gregory','Active');
INSERT INTO listeners VALUES(29,'paul','jacob','Active');
INSERT INTO listeners VALUES(30,'paul','johnny','Active');
INSERT INTO listeners VALUES(31,'paul','kevin','Active');
INSERT INTO listeners VALUES(32,'paul','stuart','Active');
INSERT INTO listeners VALUES(33,'paul','scottsim','Active');
INSERT INTO listeners VALUES(34,'chrisc','paul','Active');
INSERT INTO listeners VALUES(35,'chrisc','laurie','Active');
INSERT INTO listeners VALUES(36,'chrisc','nabil','Active');
INSERT INTO listeners VALUES(37,'chrisc','ben','Active');
INSERT INTO listeners VALUES(38,'chrisc','christraut','Active');
INSERT INTO listeners VALUES(39,'chrisc','christyson','Active');
INSERT INTO listeners VALUES(40,'chrisc','clint','Active');
INSERT INTO listeners VALUES(41,'chrisc','glenn','Active');
INSERT INTO listeners VALUES(42,'chrisc','jeremy','Active');
INSERT INTO listeners VALUES(43,'chrisc','scottrum','Active');
INSERT INTO listeners VALUES(44,'laurie','john','Active');
INSERT INTO listeners VALUES(45,'laurie','chrisc','Active');
INSERT INTO listeners VALUES(46,'laurie','nabil','Active');
INSERT INTO listeners VALUES(47,'laurie','julian','Active');
INSERT INTO listeners VALUES(48,'laurie','andrzej','Active');
INSERT INTO listeners VALUES(49,'laurie','april','Active');
INSERT INTO listeners VALUES(50,'laurie','ben','Active');
INSERT INTO listeners VALUES(51,'laurie','christraut','Active');
INSERT INTO listeners VALUES(52,'laurie','clyde','Active');
INSERT INTO listeners VALUES(53,'laurie','cody','Active');
INSERT INTO listeners VALUES(54,'laurie','derek','Active');
INSERT INTO listeners VALUES(55,'laurie','eric','Active');
INSERT INTO listeners VALUES(56,'laurie','glenn','Active');
INSERT INTO listeners VALUES(57,'laurie','gregory','Active');
INSERT INTO listeners VALUES(58,'laurie','jeremy','Active');
INSERT INTO listeners VALUES(59,'laurie','johnny','Active');
INSERT INTO listeners VALUES(60,'laurie','kevin','Active');
INSERT INTO listeners VALUES(61,'laurie','kevinliu','Active');
INSERT INTO listeners VALUES(62,'laurie','stuart','Active');
INSERT INTO listeners VALUES(63,'laurie','scottsim','Active');
INSERT INTO listeners VALUES(64,'nabil','john','Active');
INSERT INTO listeners VALUES(65,'nabil','chrisc','Active');
INSERT INTO listeners VALUES(66,'nabil','joash','Active');
INSERT INTO listeners VALUES(67,'nabil','armando','Active');
INSERT INTO listeners VALUES(68,'nabil','brian','Active');
INSERT INTO listeners VALUES(69,'nabil','clint','Active');
INSERT INTO listeners VALUES(70,'nabil','eric','Active');
INSERT INTO listeners VALUES(71,'nabil','glenn','Active');
INSERT INTO listeners VALUES(72,'nabil','gregory','Active');
INSERT INTO listeners VALUES(73,'nabil','jacob','Active');
INSERT INTO listeners VALUES(74,'nabil','johnny','Active');
INSERT INTO listeners VALUES(75,'nabil','kevin','Active');
INSERT INTO listeners VALUES(76,'nabil','scottrum','Active');
INSERT INTO listeners VALUES(77,'nabil','scottsim','Active');
INSERT INTO listeners VALUES(78,'julian','chrisc','Active');
INSERT INTO listeners VALUES(79,'julian','laurie','Active');
INSERT INTO listeners VALUES(80,'julian','andrzej','Active');
INSERT INTO listeners VALUES(81,'julian','april','Active');
INSERT INTO listeners VALUES(82,'julian','ben','Active');
INSERT INTO listeners VALUES(83,'julian','brian','Active');
INSERT INTO listeners VALUES(84,'julian','caitlin','Active');
INSERT INTO listeners VALUES(85,'julian','christyson','Active');
INSERT INTO listeners VALUES(86,'julian','clyde','Active');
INSERT INTO listeners VALUES(87,'julian','cody','Active');
INSERT INTO listeners VALUES(88,'julian','eric','Active');
INSERT INTO listeners VALUES(89,'julian','grant','Active');
INSERT INTO listeners VALUES(90,'julian','gregory','Active');
INSERT INTO listeners VALUES(91,'julian','johnny','Active');
INSERT INTO listeners VALUES(92,'julian','kevin','Active');
INSERT INTO listeners VALUES(93,'julian','stuart','Active');
INSERT INTO listeners VALUES(94,'julian','scottsim','Active');
INSERT INTO listeners VALUES(95,'joash','chrisc','Active');
INSERT INTO listeners VALUES(96,'joash','julian','Active');
INSERT INTO listeners VALUES(97,'joash','april','Active');
INSERT INTO listeners VALUES(98,'joash','ben','Active');
INSERT INTO listeners VALUES(99,'joash','brian','Active');
INSERT INTO listeners VALUES(100,'joash','christraut','Active');
INSERT INTO listeners VALUES(101,'joash','christyson','Active');
INSERT INTO listeners VALUES(102,'joash','clint','Active');
INSERT INTO listeners VALUES(103,'joash','cody','Active');
INSERT INTO listeners VALUES(104,'joash','glenn','Active');
INSERT INTO listeners VALUES(105,'joash','gregory','Active');
INSERT INTO listeners VALUES(106,'joash','jacob','Active');
INSERT INTO listeners VALUES(107,'joash','jeremy','Active');
INSERT INTO listeners VALUES(108,'joash','johnny','Active');
INSERT INTO listeners VALUES(109,'joash','kevinliu','Active');
INSERT INTO listeners VALUES(110,'joash','stuart','Active');
INSERT INTO listeners VALUES(111,'joash','scottsim','Active');
INSERT INTO listeners VALUES(112,'andrzej','april','Active');
INSERT INTO listeners VALUES(113,'andrzej','armando','Active');
INSERT INTO listeners VALUES(114,'andrzej','ben','Active');
INSERT INTO listeners VALUES(115,'andrzej','caitlin','Active');
INSERT INTO listeners VALUES(117,'andrzej','cody','Active');
INSERT INTO listeners VALUES(118,'andrzej','eric','Active');
INSERT INTO listeners VALUES(119,'andrzej','glenn','Active');
INSERT INTO listeners VALUES(120,'andrzej','grant','Active');
INSERT INTO listeners VALUES(121,'andrzej','jeremy','Active');
INSERT INTO listeners VALUES(122,'andrzej','johnny','Active');
INSERT INTO listeners VALUES(123,'andrzej','kevinliu','Active');
INSERT INTO listeners VALUES(124,'andrzej','stuart','Active');
INSERT INTO listeners VALUES(125,'april','john','Active');
INSERT INTO listeners VALUES(126,'april','chrisc','Active');
INSERT INTO listeners VALUES(127,'april','nabil','Active');
INSERT INTO listeners VALUES(128,'april','joash','Active');
INSERT INTO listeners VALUES(129,'april','armando','Active');
INSERT INTO listeners VALUES(130,'april','ben','Active');
INSERT INTO listeners VALUES(131,'april','brian','Active');
INSERT INTO listeners VALUES(132,'april','christraut','Active');
INSERT INTO listeners VALUES(133,'april','christyson','Active');
INSERT INTO listeners VALUES(134,'april','clyde','Active');
INSERT INTO listeners VALUES(135,'april','glenn','Active');
INSERT INTO listeners VALUES(136,'april','grant','Active');
INSERT INTO listeners VALUES(137,'april','johnny','Active');
INSERT INTO listeners VALUES(138,'april','kevin','Active');
INSERT INTO listeners VALUES(139,'april','kevinliu','Active');
INSERT INTO listeners VALUES(140,'april','scottsim','Active');
INSERT INTO listeners VALUES(141,'armando','john','Active');
INSERT INTO listeners VALUES(142,'armando','laurie','Active');
INSERT INTO listeners VALUES(143,'armando','joash','Active');
INSERT INTO listeners VALUES(144,'armando','andrzej','Active');
INSERT INTO listeners VALUES(145,'armando','april','Active');
INSERT INTO listeners VALUES(146,'armando','ben','Active');
INSERT INTO listeners VALUES(147,'armando','brian','Active');
INSERT INTO listeners VALUES(148,'armando','christyson','Active');
INSERT INTO listeners VALUES(149,'armando','clint','Active');
INSERT INTO listeners VALUES(150,'armando','clyde','Active');
INSERT INTO listeners VALUES(151,'armando','derek','Active');
INSERT INTO listeners VALUES(152,'armando','eric','Active');
INSERT INTO listeners VALUES(153,'armando','glenn','Active');
INSERT INTO listeners VALUES(154,'armando','gregory','Active');
INSERT INTO listeners VALUES(155,'armando','kevin','Active');
INSERT INTO listeners VALUES(156,'armando','scottsim','Active');
INSERT INTO listeners VALUES(157,'ben','julian','Active');
INSERT INTO listeners VALUES(158,'ben','andrzej','Active');
INSERT INTO listeners VALUES(159,'ben','clint','Active');
INSERT INTO listeners VALUES(160,'ben','cody','Active');
INSERT INTO listeners VALUES(161,'ben','grant','Active');
INSERT INTO listeners VALUES(162,'ben','gregory','Active');
INSERT INTO listeners VALUES(163,'ben','jeremy','Active');
INSERT INTO listeners VALUES(164,'ben','johnny','Active');
INSERT INTO listeners VALUES(165,'ben','stuart','Active');
INSERT INTO listeners VALUES(166,'brian','paul','Active');
INSERT INTO listeners VALUES(167,'brian','laurie','Active');
INSERT INTO listeners VALUES(168,'brian','julian','Active');
INSERT INTO listeners VALUES(169,'brian','joash','Active');
INSERT INTO listeners VALUES(170,'brian','andrzej','Active');
INSERT INTO listeners VALUES(171,'brian','armando','Active');
INSERT INTO listeners VALUES(172,'brian','ben','Active');
INSERT INTO listeners VALUES(173,'brian','christraut','Active');
INSERT INTO listeners VALUES(174,'brian','christyson','Active');
INSERT INTO listeners VALUES(175,'brian','clint','Active');
INSERT INTO listeners VALUES(176,'brian','cody','Active');
INSERT INTO listeners VALUES(177,'brian','eric','Active');
INSERT INTO listeners VALUES(178,'brian','grant','Active');
INSERT INTO listeners VALUES(179,'brian','gregory','Active');
INSERT INTO listeners VALUES(180,'brian','stuart','Active');
INSERT INTO listeners VALUES(181,'caitlin','paul','Active');
INSERT INTO listeners VALUES(182,'caitlin','julian','Active');
INSERT INTO listeners VALUES(183,'caitlin','andrzej','Active');
INSERT INTO listeners VALUES(184,'caitlin','armando','Active');
INSERT INTO listeners VALUES(185,'caitlin','christraut','Active');
INSERT INTO listeners VALUES(186,'caitlin','christyson','Active');
INSERT INTO listeners VALUES(187,'caitlin','clint','Active');
INSERT INTO listeners VALUES(188,'caitlin','derek','Active');
INSERT INTO listeners VALUES(189,'caitlin','eric','Active');
INSERT INTO listeners VALUES(190,'caitlin','glenn','Active');
INSERT INTO listeners VALUES(191,'caitlin','jacob','Active');
INSERT INTO listeners VALUES(192,'caitlin','kevin','Active');
INSERT INTO listeners VALUES(193,'caitlin','scottrum','Active');
INSERT INTO listeners VALUES(194,'christraut','chrisc','Active');
INSERT INTO listeners VALUES(195,'christraut','laurie','Active');
INSERT INTO listeners VALUES(196,'christraut','julian','Active');
INSERT INTO listeners VALUES(197,'christraut','andrzej','Active');
INSERT INTO listeners VALUES(198,'christraut','april','Active');
INSERT INTO listeners VALUES(199,'christraut','armando','Active');
INSERT INTO listeners VALUES(200,'christraut','brian','Active');
INSERT INTO listeners VALUES(201,'christraut','clint','Active');
INSERT INTO listeners VALUES(202,'christraut','clyde','Active');
INSERT INTO listeners VALUES(203,'christraut','cody','Active');
INSERT INTO listeners VALUES(204,'christraut','eric','Active');
INSERT INTO listeners VALUES(205,'christraut','glenn','Active');
INSERT INTO listeners VALUES(206,'christraut','grant','Active');
INSERT INTO listeners VALUES(207,'christraut','gregory','Active');
INSERT INTO listeners VALUES(208,'christraut','jacob','Active');
INSERT INTO listeners VALUES(209,'christraut','johnny','Active');
INSERT INTO listeners VALUES(210,'christraut','kevin','Active');
INSERT INTO listeners VALUES(211,'christraut','kevinliu','Active');
INSERT INTO listeners VALUES(212,'christyson','john','Active');
INSERT INTO listeners VALUES(213,'christyson','chrisc','Active');
INSERT INTO listeners VALUES(214,'christyson','laurie','Active');
INSERT INTO listeners VALUES(215,'christyson','julian','Active');
INSERT INTO listeners VALUES(216,'christyson','joash','Active');
INSERT INTO listeners VALUES(217,'christyson','andrzej','Active');
INSERT INTO listeners VALUES(218,'christyson','april','Active');
INSERT INTO listeners VALUES(219,'christyson','caitlin','Active');
INSERT INTO listeners VALUES(220,'christyson','clyde','Active');
INSERT INTO listeners VALUES(221,'christyson','glenn','Active');
INSERT INTO listeners VALUES(222,'christyson','jacob','Active');
INSERT INTO listeners VALUES(223,'christyson','jeremy','Active');
INSERT INTO listeners VALUES(224,'christyson','stuart','Active');
INSERT INTO listeners VALUES(225,'christyson','scottsim','Active');
INSERT INTO listeners VALUES(226,'clint','john','Active');
INSERT INTO listeners VALUES(227,'clint','chrisc','Active');
INSERT INTO listeners VALUES(228,'clint','laurie','Active');
INSERT INTO listeners VALUES(229,'clint','julian','Active');
INSERT INTO listeners VALUES(230,'clint','armando','Active');
INSERT INTO listeners VALUES(231,'clint','brian','Active');
INSERT INTO listeners VALUES(232,'clint','clyde','Active');
INSERT INTO listeners VALUES(233,'clint','cody','Active');
INSERT INTO listeners VALUES(234,'clint','derek','Active');
INSERT INTO listeners VALUES(235,'clint','eric','Active');
INSERT INTO listeners VALUES(236,'clint','glenn','Active');
INSERT INTO listeners VALUES(237,'clint','grant','Active');
INSERT INTO listeners VALUES(238,'clint','jeremy','Active');
INSERT INTO listeners VALUES(239,'clint','johnny','Active');
INSERT INTO listeners VALUES(240,'clint','scottsim','Active');
INSERT INTO listeners VALUES(241,'clyde','paul','Active');
INSERT INTO listeners VALUES(242,'clyde','laurie','Active');
INSERT INTO listeners VALUES(243,'clyde','nabil','Active');
INSERT INTO listeners VALUES(244,'clyde','julian','Active');
INSERT INTO listeners VALUES(245,'clyde','andrzej','Active');
INSERT INTO listeners VALUES(246,'clyde','april','Active');
INSERT INTO listeners VALUES(247,'clyde','armando','Active');
INSERT INTO listeners VALUES(248,'clyde','ben','Active');
INSERT INTO listeners VALUES(249,'clyde','caitlin','Active');
INSERT INTO listeners VALUES(250,'clyde','clint','Active');
INSERT INTO listeners VALUES(251,'clyde','cody','Active');
INSERT INTO listeners VALUES(252,'clyde','derek','Active');
INSERT INTO listeners VALUES(253,'clyde','eric','Active');
INSERT INTO listeners VALUES(254,'clyde','glenn','Active');
INSERT INTO listeners VALUES(255,'clyde','grant','Active');
INSERT INTO listeners VALUES(256,'clyde','gregory','Active');
INSERT INTO listeners VALUES(257,'clyde','johnny','Active');
INSERT INTO listeners VALUES(258,'clyde','scottrum','Active');
INSERT INTO listeners VALUES(259,'clyde','stuart','Active');
INSERT INTO listeners VALUES(260,'clyde','scottsim','Active');
INSERT INTO listeners VALUES(261,'cody','john','Active');
INSERT INTO listeners VALUES(262,'cody','chrisc','Active');
INSERT INTO listeners VALUES(263,'cody','julian','Active');
INSERT INTO listeners VALUES(264,'cody','april','Active');
INSERT INTO listeners VALUES(265,'cody','armando','Active');
INSERT INTO listeners VALUES(266,'cody','christraut','Active');
INSERT INTO listeners VALUES(267,'cody','christyson','Active');
INSERT INTO listeners VALUES(268,'cody','derek','Active');
INSERT INTO listeners VALUES(269,'cody','eric','Active');
INSERT INTO listeners VALUES(270,'cody','glenn','Active');
INSERT INTO listeners VALUES(271,'cody','grant','Active');
INSERT INTO listeners VALUES(272,'cody','jacob','Active');
INSERT INTO listeners VALUES(273,'cody','jeremy','Active');
INSERT INTO listeners VALUES(274,'cody','johnny','Active');
INSERT INTO listeners VALUES(275,'cody','kevinliu','Active');
INSERT INTO listeners VALUES(276,'derek','john','Active');
INSERT INTO listeners VALUES(277,'derek','nabil','Active');
INSERT INTO listeners VALUES(278,'derek','joash','Active');
INSERT INTO listeners VALUES(279,'derek','andrzej','Active');
INSERT INTO listeners VALUES(280,'derek','brian','Active');
INSERT INTO listeners VALUES(281,'derek','christyson','Active');
INSERT INTO listeners VALUES(282,'derek','clyde','Active');
INSERT INTO listeners VALUES(283,'derek','grant','Active');
INSERT INTO listeners VALUES(284,'derek','gregory','Active');
INSERT INTO listeners VALUES(285,'derek','jacob','Active');
INSERT INTO listeners VALUES(286,'derek','jeremy','Active');
INSERT INTO listeners VALUES(287,'derek','johnny','Active');
INSERT INTO listeners VALUES(288,'derek','kevin','Active');
INSERT INTO listeners VALUES(289,'derek','scottrum','Active');
INSERT INTO listeners VALUES(290,'derek','stuart','Active');
INSERT INTO listeners VALUES(291,'eric','laurie','Active');
INSERT INTO listeners VALUES(292,'eric','julian','Active');
INSERT INTO listeners VALUES(293,'eric','joash','Active');
INSERT INTO listeners VALUES(294,'eric','armando','Active');
INSERT INTO listeners VALUES(295,'eric','caitlin','Active');
INSERT INTO listeners VALUES(296,'eric','christraut','Active');
INSERT INTO listeners VALUES(297,'eric','christyson','Active');
INSERT INTO listeners VALUES(298,'eric','clint','Active');
INSERT INTO listeners VALUES(299,'eric','glenn','Active');
INSERT INTO listeners VALUES(300,'eric','grant','Active');
INSERT INTO listeners VALUES(301,'eric','gregory','Active');
INSERT INTO listeners VALUES(302,'eric','jeremy','Active');
INSERT INTO listeners VALUES(303,'eric','johnny','Active');
INSERT INTO listeners VALUES(304,'eric','kevin','Active');
INSERT INTO listeners VALUES(305,'eric','kevinliu','Active');
INSERT INTO listeners VALUES(306,'eric','stuart','Active');
INSERT INTO listeners VALUES(307,'eric','scottsim','Active');
INSERT INTO listeners VALUES(308,'glenn','john','Active');
INSERT INTO listeners VALUES(309,'glenn','chrisc','Active');
INSERT INTO listeners VALUES(310,'glenn','nabil','Active');
INSERT INTO listeners VALUES(311,'glenn','julian','Active');
INSERT INTO listeners VALUES(312,'glenn','joash','Active');
INSERT INTO listeners VALUES(313,'glenn','april','Active');
INSERT INTO listeners VALUES(314,'glenn','armando','Active');
INSERT INTO listeners VALUES(315,'glenn','ben','Active');
INSERT INTO listeners VALUES(316,'glenn','christraut','Active');
INSERT INTO listeners VALUES(317,'glenn','clyde','Active');
INSERT INTO listeners VALUES(318,'glenn','grant','Active');
INSERT INTO listeners VALUES(319,'glenn','gregory','Active');
INSERT INTO listeners VALUES(320,'glenn','jeremy','Active');
INSERT INTO listeners VALUES(321,'glenn','kevinliu','Active');
INSERT INTO listeners VALUES(322,'glenn','scottrum','Active');
INSERT INTO listeners VALUES(323,'glenn','stuart','Active');
INSERT INTO listeners VALUES(324,'glenn','scottsim','Active');
INSERT INTO listeners VALUES(325,'grant','paul','Active');
INSERT INTO listeners VALUES(326,'grant','laurie','Active');
INSERT INTO listeners VALUES(327,'grant','nabil','Active');
INSERT INTO listeners VALUES(328,'grant','julian','Active');
INSERT INTO listeners VALUES(329,'grant','joash','Active');
INSERT INTO listeners VALUES(330,'grant','armando','Active');
INSERT INTO listeners VALUES(331,'grant','ben','Active');
INSERT INTO listeners VALUES(332,'grant','caitlin','Active');
INSERT INTO listeners VALUES(333,'grant','christyson','Active');
INSERT INTO listeners VALUES(334,'grant','cody','Active');
INSERT INTO listeners VALUES(335,'grant','derek','Active');
INSERT INTO listeners VALUES(336,'grant','eric','Active');
INSERT INTO listeners VALUES(337,'grant','jacob','Active');
INSERT INTO listeners VALUES(338,'grant','jeremy','Active');
INSERT INTO listeners VALUES(339,'grant','kevinliu','Active');
INSERT INTO listeners VALUES(340,'grant','scottrum','Active');
INSERT INTO listeners VALUES(341,'grant','stuart','Active');
INSERT INTO listeners VALUES(342,'gregory','john','Active');
INSERT INTO listeners VALUES(343,'gregory','laurie','Active');
INSERT INTO listeners VALUES(344,'gregory','nabil','Active');
INSERT INTO listeners VALUES(345,'gregory','joash','Active');
INSERT INTO listeners VALUES(346,'gregory','caitlin','Active');
INSERT INTO listeners VALUES(347,'gregory','christraut','Active');
INSERT INTO listeners VALUES(348,'gregory','christyson','Active');
INSERT INTO listeners VALUES(349,'gregory','clint','Active');
INSERT INTO listeners VALUES(350,'gregory','cody','Active');
INSERT INTO listeners VALUES(351,'gregory','derek','Active');
INSERT INTO listeners VALUES(352,'gregory','glenn','Active');
INSERT INTO listeners VALUES(353,'gregory','grant','Active');
INSERT INTO listeners VALUES(354,'gregory','jacob','Active');
INSERT INTO listeners VALUES(355,'gregory','johnny','Active');
INSERT INTO listeners VALUES(356,'gregory','kevin','Active');
INSERT INTO listeners VALUES(357,'gregory','kevinliu','Active');
INSERT INTO listeners VALUES(358,'gregory','scottrum','Active');
INSERT INTO listeners VALUES(359,'gregory','stuart','Active');
INSERT INTO listeners VALUES(360,'jacob','paul','Active');
INSERT INTO listeners VALUES(361,'jacob','chrisc','Active');
INSERT INTO listeners VALUES(362,'jacob','laurie','Active');
INSERT INTO listeners VALUES(363,'jacob','andrzej','Active');
INSERT INTO listeners VALUES(364,'jacob','armando','Active');
INSERT INTO listeners VALUES(365,'jacob','ben','Active');
INSERT INTO listeners VALUES(366,'jacob','brian','Active');
INSERT INTO listeners VALUES(367,'jacob','christyson','Active');
INSERT INTO listeners VALUES(368,'jacob','clyde','Active');
INSERT INTO listeners VALUES(369,'jacob','cody','Active');
INSERT INTO listeners VALUES(370,'jacob','glenn','Active');
INSERT INTO listeners VALUES(371,'jacob','gregory','Active');
INSERT INTO listeners VALUES(372,'jacob','kevinliu','Active');
INSERT INTO listeners VALUES(373,'jacob','stuart','Active');
INSERT INTO listeners VALUES(374,'jeremy','paul','Active');
INSERT INTO listeners VALUES(375,'jeremy','chrisc','Active');
INSERT INTO listeners VALUES(376,'jeremy','laurie','Active');
INSERT INTO listeners VALUES(377,'jeremy','andrzej','Active');
INSERT INTO listeners VALUES(378,'jeremy','ben','Active');
INSERT INTO listeners VALUES(379,'jeremy','brian','Active');
INSERT INTO listeners VALUES(380,'jeremy','caitlin','Active');
INSERT INTO listeners VALUES(381,'jeremy','christraut','Active');
INSERT INTO listeners VALUES(382,'jeremy','christyson','Active');
INSERT INTO listeners VALUES(383,'jeremy','eric','Active');
INSERT INTO listeners VALUES(384,'jeremy','glenn','Active');
INSERT INTO listeners VALUES(385,'jeremy','grant','Active');
INSERT INTO listeners VALUES(386,'jeremy','jacob','Active');
INSERT INTO listeners VALUES(387,'jeremy','johnny','Active');
INSERT INTO listeners VALUES(388,'jeremy','kevin','Active');
INSERT INTO listeners VALUES(389,'jeremy','kevinliu','Active');
INSERT INTO listeners VALUES(390,'jeremy','stuart','Active');
INSERT INTO listeners VALUES(391,'johnny','chrisc','Active');
INSERT INTO listeners VALUES(392,'johnny','laurie','Active');
INSERT INTO listeners VALUES(393,'johnny','brian','Active');
INSERT INTO listeners VALUES(394,'johnny','christyson','Active');
INSERT INTO listeners VALUES(395,'johnny','derek','Active');
INSERT INTO listeners VALUES(396,'johnny','eric','Active');
INSERT INTO listeners VALUES(397,'johnny','glenn','Active');
INSERT INTO listeners VALUES(398,'johnny','grant','Active');
INSERT INTO listeners VALUES(399,'johnny','gregory','Active');
INSERT INTO listeners VALUES(400,'johnny','jeremy','Active');
INSERT INTO listeners VALUES(401,'johnny','kevinliu','Active');
INSERT INTO listeners VALUES(402,'johnny','scottrum','Active');
INSERT INTO listeners VALUES(403,'johnny','stuart','Active');
INSERT INTO listeners VALUES(404,'johnny','scottsim','Active');
INSERT INTO listeners VALUES(405,'kevin','john','Active');
INSERT INTO listeners VALUES(406,'kevin','paul','Active');
INSERT INTO listeners VALUES(407,'kevin','chrisc','Active');
INSERT INTO listeners VALUES(408,'kevin','nabil','Active');
INSERT INTO listeners VALUES(409,'kevin','julian','Active');
INSERT INTO listeners VALUES(410,'kevin','ben','Active');
INSERT INTO listeners VALUES(411,'kevin','brian','Active');
INSERT INTO listeners VALUES(412,'kevin','christraut','Active');
INSERT INTO listeners VALUES(413,'kevin','clint','Active');
INSERT INTO listeners VALUES(414,'kevin','clyde','Active');
INSERT INTO listeners VALUES(415,'kevin','cody','Active');
INSERT INTO listeners VALUES(416,'kevin','derek','Active');
INSERT INTO listeners VALUES(417,'kevin','eric','Active');
INSERT INTO listeners VALUES(418,'kevin','glenn','Active');
INSERT INTO listeners VALUES(419,'kevin','grant','Active');
INSERT INTO listeners VALUES(420,'kevin','jacob','Active');
INSERT INTO listeners VALUES(421,'kevin','scottrum','Active');
INSERT INTO listeners VALUES(422,'kevin','stuart','Active');
INSERT INTO listeners VALUES(423,'kevinliu','paul','Active');
INSERT INTO listeners VALUES(424,'kevinliu','chrisc','Active');
INSERT INTO listeners VALUES(425,'kevinliu','julian','Active');
INSERT INTO listeners VALUES(426,'kevinliu','joash','Active');
INSERT INTO listeners VALUES(427,'kevinliu','andrzej','Active');
INSERT INTO listeners VALUES(428,'kevinliu','armando','Active');
INSERT INTO listeners VALUES(429,'kevinliu','ben','Active');
INSERT INTO listeners VALUES(430,'kevinliu','brian','Active');
INSERT INTO listeners VALUES(431,'kevinliu','christraut','Active');
INSERT INTO listeners VALUES(432,'kevinliu','christyson','Active');
INSERT INTO listeners VALUES(433,'kevinliu','clint','Active');
INSERT INTO listeners VALUES(434,'kevinliu','clyde','Active');
INSERT INTO listeners VALUES(435,'kevinliu','derek','Active');
INSERT INTO listeners VALUES(436,'kevinliu','eric','Active');
INSERT INTO listeners VALUES(437,'kevinliu','glenn','Active');
INSERT INTO listeners VALUES(438,'kevinliu','jacob','Active');
INSERT INTO listeners VALUES(439,'kevinliu','kevin','Active');
INSERT INTO listeners VALUES(440,'kevinliu','stuart','Active');
INSERT INTO listeners VALUES(441,'scottrum','paul','Active');
INSERT INTO listeners VALUES(442,'scottrum','chrisc','Active');
INSERT INTO listeners VALUES(443,'scottrum','laurie','Active');
INSERT INTO listeners VALUES(444,'scottrum','nabil','Active');
INSERT INTO listeners VALUES(445,'scottrum','ben','Active');
INSERT INTO listeners VALUES(446,'scottrum','brian','Active');
INSERT INTO listeners VALUES(447,'scottrum','christyson','Active');
INSERT INTO listeners VALUES(448,'scottrum','clint','Active');
INSERT INTO listeners VALUES(449,'scottrum','clyde','Active');
INSERT INTO listeners VALUES(450,'scottrum','eric','Active');
INSERT INTO listeners VALUES(451,'scottrum','glenn','Active');
INSERT INTO listeners VALUES(452,'scottrum','gregory','Active');
INSERT INTO listeners VALUES(453,'scottrum','jacob','Active');
INSERT INTO listeners VALUES(454,'scottrum','johnny','Active');
INSERT INTO listeners VALUES(455,'scottrum','kevinliu','Active');
INSERT INTO listeners VALUES(456,'scottrum','stuart','Active');
INSERT INTO listeners VALUES(457,'stuart','paul','Active');
INSERT INTO listeners VALUES(458,'stuart','nabil','Active');
INSERT INTO listeners VALUES(459,'stuart','joash','Active');
INSERT INTO listeners VALUES(460,'stuart','april','Active');
INSERT INTO listeners VALUES(461,'stuart','ben','Active');
INSERT INTO listeners VALUES(462,'stuart','caitlin','Active');
INSERT INTO listeners VALUES(463,'stuart','christraut','Active');
INSERT INTO listeners VALUES(464,'stuart','clyde','Active');
INSERT INTO listeners VALUES(465,'stuart','eric','Active');
INSERT INTO listeners VALUES(466,'stuart','glenn','Active');
INSERT INTO listeners VALUES(467,'stuart','gregory','Active');
INSERT INTO listeners VALUES(468,'stuart','jeremy','Active');
INSERT INTO listeners VALUES(469,'stuart','kevin','Active');
INSERT INTO listeners VALUES(470,'stuart','kevinliu','Active');
INSERT INTO listeners VALUES(471,'stuart','scottrum','Active');
INSERT INTO listeners VALUES(472,'stuart','scottsim','Active');
INSERT INTO listeners VALUES(473,'scottsim','paul','Active');
INSERT INTO listeners VALUES(474,'scottsim','chrisc','Active');
INSERT INTO listeners VALUES(475,'scottsim','laurie','Active');
INSERT INTO listeners VALUES(476,'scottsim','nabil','Active');
INSERT INTO listeners VALUES(477,'scottsim','joash','Active');
INSERT INTO listeners VALUES(478,'scottsim','april','Active');
INSERT INTO listeners VALUES(479,'scottsim','armando','Active');
INSERT INTO listeners VALUES(480,'scottsim','christyson','Active');
INSERT INTO listeners VALUES(481,'scottsim','clint','Active');
INSERT INTO listeners VALUES(483,'scottsim','cody','Active');
INSERT INTO listeners VALUES(484,'scottsim','eric','Active');
INSERT INTO listeners VALUES(485,'scottsim','grant','Active');
INSERT INTO listeners VALUES(486,'scottsim','gregory','Active');
INSERT INTO listeners VALUES(487,'scottsim','jacob','Active');
INSERT INTO listeners VALUES(488,'scottsim','kevin','Active');
INSERT INTO listeners VALUES(489,'scottsim','kevinliu','Active');
INSERT INTO listeners VALUES(490,'andrzej','test','Active');
INSERT INTO listeners VALUES(491,'april','test','Active');
INSERT INTO listeners VALUES(492,'andrzej','clyde','Active');
INSERT INTO listeners VALUES(493,'nabil','clyde','Active');
INSERT INTO listeners VALUES(494,'scottsim','clyde','Active');
CREATE TABLE IF NOT EXISTS "users" ("username" varchar(100) NOT NULL PRIMARY KEY, "password" varchar(100) NULL, "password_hint" varchar(100) NULL, "created_at" datetime NULL, "last_login" datetime NULL, "real_name" varchar(100) NULL, "blab_name" varchar(100) NULL, "totp_secret" varchar(100) NULL);
INSERT INTO users VALUES('admin','21232f297a57a5a743894a0e4a801fc3','admin','2024-06-27 05:41:07','2024-08-13 13:45:00','Mr. Administrator','admin','4AL5GDDKDWK4N7HOSXDIM22K4PTCDZFS');
INSERT INTO users VALUES('admin-totp','e894136d8130d5b30055e967c1c065b0','admin-totp','2024-06-27 05:41:07','None','Admin with TOTP','admin-totp','6QMVRY4AZEK5KN4STXS66PBICCTPRVL4');
INSERT INTO users VALUES('john','527bd5b5d689e2c32ae974c6229ff785','john','2024-06-27 05:41:07','None','John Smith','John','RLGHJCMPUJRVMTNNUPTEFIRIVRXJQT6L');
INSERT INTO users VALUES('paul','6c63212ab48e8401eaf6b59b95d816a9','paul','2024-06-27 05:41:07','None','Paul Farrington','Paul','RYGBRBVLV6HDH2SGE4EGYHOVOB6S63KK');
INSERT INTO users VALUES('chrisc','fd1d9fcd383ccc2bebf7de86a9dad287','chrisc','2024-06-27 05:41:07','None','Chris Campbell','Chris','4DZ6CTARKD7H7536L3V3UEXUMCFYAUXK');
INSERT INTO users VALUES('laurie','17828ff61bd0ad2487e39a0d83d5e2bb','laurie','2024-06-27 05:41:07','None','Laurie Mercer','Laurie','FOUGI6XPWETJMS5YOMTTUXDH4EZWOYDM');
INSERT INTO users VALUES('nabil','070aa66550916626673f492bdbdb655f','nabil','2024-06-27 05:41:07','None','Nabil Bousselham','Nabil','QGTEUU7ZTTGHN6J6HB3KCDM5WDDGNNQT');
INSERT INTO users VALUES('julian','338c23e8eafc19ec9236404deac0bef4','julian','2024-06-27 05:41:07','None','Julian Totzek-Hallhuber','Julian','H7USTJP7RIBWQNP3STOGEGRHNTSFDRF3');
INSERT INTO users VALUES('joash','95e6c1eb46bd6373994f5d9f16ae82b6','joash','2024-06-27 05:41:07','None','Joash Herbrink','Joash','35TDC63L6JHNFEF44TCBS3C557CNP6YX');
INSERT INTO users VALUES('andrzej','50cbe0d972f9b5977ce7bf2652bcf741','andrzej','2024-06-27 05:41:07','None','Andrzej Szaryk','Andrzej','PUWWTPSUUFTYUH67OCLC7SQRAMUFMWOK');
INSERT INTO users VALUES('april','37d153a06c79e99e4de5889dbe2e7c57','april','2024-06-27 05:41:07','None','April Sauer','April','INGN3XKEFBF3QOJXCRNPJ4VWMN4RWRTC');
INSERT INTO users VALUES('armando','7b64d09060db17ca6b96c0af99575903','armando','2024-06-27 05:41:07','None','Armando Bioc','Armando','2KTEQ5HRAWBG2POBHEVMZKIB6RLMVFD7');
INSERT INTO users VALUES('ben','7fe4771c008a22eb763df47d19e2c6aa','ben','2024-06-27 05:41:07','2024-06-28 14:13:44','Ben Stoll','Ben','CMIZOLCBUBV7DT6YEEOUGWKINIOAVL4W');
INSERT INTO users VALUES('brian','cbd44f8b5b48a51f7dab98abcdf45d4e','brian','2024-06-27 05:41:07','2024-08-13 13:42:44','Brian Pitta','Brian','EC4HYKQXLTWAVCJBJ3JF6XSYUXAJ2NMK');
INSERT INTO users VALUES('caitlin','2698b9129df8bff255b13562392bf895','caitlin','2024-06-27 05:41:07','None','Caitlin Johanson','Caitlin','IE5EAGJNAVLQPLWLMFJGPH4ACRTC5OSJ');
INSERT INTO users VALUES('christraut','f59d1579b67ebbe503abad00efe34141','christraut','2024-06-27 05:41:07','None','Chris Trautwein','Chris Trautwein','3DIAXTYQL4TMTYCTEWH4H3IB4VFG4EYB');
INSERT INTO users VALUES('christyson','f1ba133ed201d616a2b0b62c38669fc5','christyson','2024-06-27 05:41:07','None','Chris Tyson','Chris Tyson','7MBUASXH4EAYCIKM7TYWQZ7XWWRFB4DJ');
INSERT INTO users VALUES('clint','50f766b252b316eb2c10c0f458b4cc16','clint','2024-06-27 05:41:07','None','Clint Pollock','Clint','KT3DJFFOUW4YB7VJRFD7AWUE5SFDXV3B');
INSERT INTO users VALUES('clyde','6f1bdb83ff15dbd1870998fa59801e0a','clyde','2024-06-27 05:41:07','2024-07-29 14:13:38','Clyde Shtino','Clyde','J3OJYLTCFKFLZOBQZD5EH4EPMSAVNVZQ');
INSERT INTO users VALUES('cody','203d0c1a270aea943302aaa5a344665c','cody','2024-06-27 05:41:07','None','Cody Bertram','Cody','6ENAMV6RZMRP4BNS2FB7NBWE2T5PSHRP');
INSERT INTO users VALUES('derek','769f2b8a75180c1e8c9b37ccbcf9e049','derek','2024-06-27 05:41:07','None','Derek Chowaniec','Derek','4LZ3JSEPJZ2B2CKEA6RWDAUOMUS73EEP');
INSERT INTO users VALUES('eric','29988429c481f219b8c5ba8c071440e1','eric','2024-06-27 05:41:07','None','Eric Ghilani','Eric','EOHW5WP4LKG5QRAKUHK3AXV5EOIOUOLI');
INSERT INTO users VALUES('glenn','3c784bff199ef62ecc2f3a988f395c62','glenn','2024-06-27 05:41:07','None','Glenn Whittemore','Glenn','RRR2FURR2SPKIM74WYNQAOKIMJAFJ7LJ');
INSERT INTO users VALUES('grant','64fad28965d003cde964ea3016e257a3','grant','2024-06-27 05:41:07','None','Grant Robinson','Grant','DMNDZ4LT6WD6FAODGPLPQHHBOF42PV4U');
INSERT INTO users VALUES('gregory','e73d1f05badaf94997bb3e886144f5f9','gregory','2024-06-27 05:41:07','None','Gregory Wolford','Gregory','34YNPVVTFUEIVKRAG3W4DVHCMKBRINY5');
INSERT INTO users VALUES('jacob','736b19f69aaca691fecd8400294cc383','jacob','2024-06-27 05:41:07','None','Jacob Martel','Jacob','IAX4PWQPPXSSMNLLHMWW6NZS3IYFRCJK');
INSERT INTO users VALUES('jeremy','6967cabefd763ac1a1a88e11159957db','jeremy','2024-06-27 05:41:07','None','Jeremy Anderson','Jeremy','GBIV44BZOCF27FNRO52ICHCHFG4XYA4X');
INSERT INTO users VALUES('johnny','f4eb27cea7255cea4d1ffabf593372e8','johnny','2024-06-27 05:41:07','None','Johnny Wong','Johnny','FSGUXJC5OLJB7HJP7PJMHZWEDBQDX6E6');
INSERT INTO users VALUES('kevin','9d5e3ecdeb4cdb7acfd63075ae046672','kevin','2024-06-27 05:41:07','None','Kevin Rise','Kevin','M7GYX6YJ6FDTMASZVE7BIRXLXPNE6EWJ');
INSERT INTO users VALUES('kevinliu','c6e0cefcc6a275e70db7a06f05b10053','kevinliu','2024-06-27 05:41:07','None','Kevin Liu','Kevin','6O2FX7WK6UY2RX54DKACGMY3YFR7V7OC');
INSERT INTO users VALUES('scottrum','524163af7704dd9c74bbb6bdaabb8a60','scottrum','2024-06-27 05:41:07','None','Scott Rumrill','Scott Rumrill','LBGM6T2YSLF2SQCLQTZGMPYNDCW4LD52');
INSERT INTO users VALUES('stuart','407cb3436f86acc235172e57027af714','stuart','2024-06-27 05:41:07','None','Stuart Sessions','Stuart','NVHCKI74R4VK4S3Z6L7M2QHBVWXS54NP');
INSERT INTO users VALUES('scottsim','065a2d6fb21c3dda3c4e22b6a8dc3006','scottsim','2024-06-27 05:41:07','None','Scott Simpson','Scott Simpson','6LQK3MUNG6VAKQBAENHL7FPFTH6LC7X3');
INSERT INTO users VALUES('test','e358efa489f58062f10dd7316b65649e','t','2024-06-27 17:58:19',NULL,'tester','test','DCOYLP5SZ73PPQ3LQ2TNEBBABZZK3CLY');
CREATE TABLE IF NOT EXISTS "users_history" ("eventid" integer NOT NULL PRIMARY KEY, "blabber" text NOT NULL, "event" text NULL, "timestamp" datetime NULL);
INSERT INTO users_history VALUES(1,'test','test started listening to andrzej (Andrzej)',NULL);
INSERT INTO users_history VALUES(2,'test','test started listening to april (April)',NULL);
INSERT INTO users_history VALUES(3,'clyde','clyde is now ignoring andrzej (Andrzej)',NULL);
INSERT INTO users_history VALUES(4,'clyde','clyde started listening to andrzej (Andrzej)',NULL);
INSERT INTO users_history VALUES(5,'clyde','clyde started listening to nabil (Nabil)',NULL);
INSERT INTO users_history VALUES(6,'clyde','clyde is now ignoring scottsim (Scott Simpson)',NULL);
INSERT INTO users_history VALUES(7,'clyde','clyde started listening to scottsim (Scott Simpson)',NULL);
COMMIT;
